{
  "resources": [
    "effects.ogg",
    "effects.m4a",
    "effects.mp3",
    "effects.ac3"
  ],
  "spritemap": {
    "fig0": {
      "start": 0,
      "end": 1.0026530612244897,
      "loop": false
    },
    "fig1": {
      "start": 3,
      "end": 4.009818594104308,
      "loop": false
    },
    "fig2": {
      "start": 6,
      "end": 7.003696145124716,
      "loop": false
    },
    "fig3": {
      "start": 9,
      "end": 10.017687074829933,
      "loop": false
    },
    "fig4": {
      "start": 12,
      "end": 12.997732426303855,
      "loop": false
    },
    "fig5": {
      "start": 14,
      "end": 14.998095238095239,
      "loop": false
    },
    "fig6": {
      "start": 16,
      "end": 17.000362811791383,
      "loop": false
    },
    "fig7": {
      "start": 19,
      "end": 19.997551020408164,
      "loop": false
    },
    "fig8": {
      "start": 21,
      "end": 21.999909297052156,
      "loop": false
    },
    "fig9": {
      "start": 23,
      "end": 23.99891156462585,
      "loop": false
    },
    "spin": {
      "start": 25,
      "end": 25.365238095238094,
      "loop": false
    },
    "stop": {
      "start": 27,
      "end": 27.09938775510204,
      "loop": false
    }
  }
}